{
"__comment": "Designed by Jaba with BDcraft Cubik PRO 0.95 Beta - http://bdcraft.net",
"textures": {
    "texture": "items/arrow"
},
"elements": [ 
{
    "__comment": "ssss x128",
    "from": [ 7, 5.875, 7.5 ],
    "to": [ 8.125, 9, 8.5 ],
    "faces": {
        "down":  { "uv": [ 4.3125, 8.9375, 5.3125, 9.9375 ], "texture": "#texture" },
        "up":    { "uv": [ 7.0625, 8.6875, 7.125, 9.5625 ], "texture": "#texture" },
        "north": { "uv": [ 8.125, 7, 7, 10.125 ], "texture": "#texture" },
        "south": { "uv": [ 7, 7, 8.125, 10.125 ], "texture": "#texture" },
        "west":  { "uv": [ 7, 7, 8.125, 10.125 ], "texture": "#texture" },
        "east":  { "uv": [ 7, 7, 8.125, 10.125 ], "texture": "#texture" }
    }
},
{
    "__comment": "ssss x128",
    "from": [ 7.125, 9, 7.5625 ],
    "to": [ 8, 9.75, 8.4375 ],
    "faces": {
        "down":  { "uv": [ 7.125, 7, 8, 6.875 ], "texture": "#texture" },
        "up":    { "uv": [ 7.125, 6.25, 8, 6.375 ], "texture": "#texture" },
        "north": { "uv": [ 8, 6.25, 7.125, 7 ], "texture": "#texture" },
        "south": { "uv": [ 7.125, 6.25, 8, 7 ], "texture": "#texture" },
        "west":  { "uv": [ 7.125, 6.25, 8, 7 ], "texture": "#texture" },
        "east":  { "uv": [ 8, 6.25, 7.125, 7 ], "texture": "#texture" }
    }
},
{
    "__comment": "ssss x128",
    "from": [ 7.25, 9.75, 7.6875 ],
    "to": [ 7.875, 10.625, 8.3125 ],
    "faces": {
        "down":  { "uv": [ 7.25, 6.25, 7.875, 6.125 ], "texture": "#texture" },
        "up":    { "uv": [ 4.375, 9.875, 5.25, 10 ], "texture": "#texture" },
        "north": { "uv": [ 7.875, 5.375, 7.25, 6.25 ], "texture": "#texture" },
        "south": { "uv": [ 7.25, 5.375, 7.875, 6.25 ], "texture": "#texture" },
        "west":  { "uv": [ 7.25, 5.375, 7.875, 6.3125 ], "texture": "#texture" },
        "east":  { "uv": [ 7.875, 5.375, 7.25, 6.3125 ], "texture": "#texture" }
    }
},
{
    "__comment": "ssss x128",
    "from": [ 7.375, 10.625, 7.75 ],
    "to": [ 7.75, 10.75, 8.25 ],
    "faces": {
        "down":  { "uv": [ 7.6875, 5.375, 8.0625, 5.25 ], "texture": "#texture" },
        "up":    { "uv": [ 7, 7.75, 7.125, 9.25 ], "texture": "#texture" },
        "north": { "uv": [ 7.75, 5.25, 7.375, 5.375 ], "texture": "#texture" },
        "south": { "uv": [ 7.375, 5.25, 7.75, 5.375 ], "texture": "#texture" },
        "west":  { "uv": [ 7.6875, 5.25, 7.4375, 5.375 ], "texture": "#texture" },
        "east":  { "uv": [ 7.3125, 5.5, 7.875, 5.4375 ], "texture": "#texture" }
    }
},
{
    "__comment": "ssss x128",
    "from": [ 7.5, 10.625, 7.875 ],
    "to": [ 7.625, 10.8125, 8.125 ],
    "faces": {
        "down":  { "uv": [ 7.5, 5.25, 7.625, 5.125 ], "texture": "#texture" },
        "up":    { "uv": [ 7.5, 5.125, 7.625, 5.25 ], "texture": "#texture" },
        "north": { "uv": [ 7.625, 5.125, 7.5, 5.25 ], "texture": "#texture" },
        "south": { "uv": [ 7.5, 5.125, 7.625, 5.25 ], "texture": "#texture" },
        "west":  { "uv": [ 7.5, 5.125, 7.625, 5.25 ], "texture": "#texture" },
        "east":  { "uv": [ 7.625, 5.125, 7.5, 5.25 ], "texture": "#texture" }
    }
}
],
"display": {
    "thirdperson": {
        "rotation": [ 9, 105, -77 ],
        "translation": [ -0.6, 0.5, -2.1 ],
        "scale": [ 1, 1, 1 ]
    },
    "ground": {
        "rotation": [ 24, 0, 0 ],
        "translation": [ 0, -15, 0 ],
        "scale": [ 3, 3, 3 ]
    },
    "fixed": {
        "rotation": [ 30, 48, -30 ],
        "translation": [ 0, 0, -0.5 ],
        "scale": [ 3, 3, 3 ]
    },
    "firstperson": {
        "rotation": [ 7, -11, 0 ],
        "translation": [ 0, 3.1, 2.7 ],
        "scale": [ 3.5, 3.5, 3.5 ]
    },
    "gui": {
        "rotation": [ 18, -95, 16 ],
        "translation": [ 0.4, 0, 0.7 ],
        "scale": [ 3, 4, 3 ]
    }
}
}