{
"__comment": "Designed by Jaba with BDcraft Cubik PRO 0.95 Beta - http://bdcraft.net",
"textures": {
    "texture": "items/dye_powder_red"
},
"elements": [ 
{
    "__comment": "bow_pulling_0 x128",
    "from": [ 0.5, 6.375, 7.5 ],
    "to": [ 0.75, 8.75, 8.5 ],
    "faces": {
        "down":  { "uv": [ 0.5, 9.125, 0.75, 9.125 ], "texture": "#texture" },
        "up":    { "uv": [ 0.5, 7.75, 0.75, 7.75 ], "texture": "#texture" },
        "north": { "uv": [ 0.75, 7.25, 0.5, 9.625 ], "texture": "#texture" },
        "south": { "uv": [ 0.5, 7.25, 0.75, 9.625 ], "texture": "#texture" },
        "west":  { "uv": [ 0.5, 7.25, 0.5, 9.625 ], "texture": "#texture" },
        "east":  { "uv": [ 0.75, 7.25, 0.75, 9.625 ], "texture": "#texture" }
    }
},
{
    "__comment": "bow_pulling_0 x128",
    "from": [ 0.75, 6.5, 7.5 ],
    "to": [ 1.75, 8.75, 8.5 ],
    "faces": {
        "down":  { "uv": [ 0.75, 9.5, 1.75, 9.49375 ], "texture": "#texture" },
        "up":    { "uv": [ 0.75, 7.25, 1.75, 7.2562499046325684 ], "texture": "#texture" },
        "north": { "uv": [ 1.75, 7.25, 0.75, 9.5 ], "texture": "#texture" },
        "south": { "uv": [ 0.75, 7.25, 1.75, 9.5 ], "texture": "#texture" },
        "west":  { "uv": [ 0.75, 7.25, 0.75625002384185791, 9.5 ], "texture": "#texture" },
        "east":  { "uv": [ 1.75, 7.25, 1.7437499761581421, 9.5 ], "texture": "#texture" }
    }
},
{
    "__comment": "bow_pulling_0 x128",
    "from": [ 1.25, 8.75, 7.5 ],
    "to": [ 3.125, 8.875, 8.5 ],
    "faces": {
        "down":  { "uv": [ 1.25, 7.25, 3.125, 7.25 ], "texture": "#texture" },
        "up":    { "uv": [ 1.25, 7.125, 3.125, 7.125 ], "texture": "#texture" },
        "north": { "uv": [ 3.125, 7.125, 1.25, 7.25 ], "texture": "#texture" },
        "south": { "uv": [ 1.25, 7.125, 3.125, 7.25 ], "texture": "#texture" },
        "west":  { "uv": [ 1.75, 7.125, 1.75, 7.25 ], "texture": "#texture" },
        "east":  { "uv": [ 2.625, 7.125, 2.625, 7.25 ], "texture": "#texture" }
    }
},
{
    "__comment": "bow_pulling_0 x128",
    "from": [ 1.75, 6.625, 7.5 ],
    "to": [ 1.875, 8.75, 8.5 ],
    "faces": {
        "down":  { "uv": [ 1.75, 9.375, 1.875, 9.36875 ], "texture": "#texture" },
        "up":    { "uv": [ 1.75, 7.25, 1.875, 7.2562499046325684 ], "texture": "#texture" },
        "north": { "uv": [ 1.875, 7.25, 1.75, 9.375 ], "texture": "#texture" },
        "south": { "uv": [ 1.75, 7.25, 1.875, 9.375 ], "texture": "#texture" },
        "west":  { "uv": [ 1.75, 7.25, 1.7562500238418579, 9.375 ], "texture": "#texture" },
        "east":  { "uv": [ 1.875, 7.25, 1.8687499761581421, 9.375 ], "texture": "#texture" }
    }
},
{
    "__comment": "bow_pulling_0 x128",
    "from": [ 1.875, 6.75, 7.5 ],
    "to": [ 2, 8.75, 8.5 ],
    "faces": {
        "down":  { "uv": [ 1.875, 9.25, 2, 9.24375 ], "texture": "#texture" },
        "up":    { "uv": [ 1.875, 7.25, 2, 7.2562499046325684 ], "texture": "#texture" },
        "north": { "uv": [ 2, 7.25, 1.875, 9.25 ], "texture": "#texture" },
        "south": { "uv": [ 1.875, 7.25, 2, 9.25 ], "texture": "#texture" },
        "west":  { "uv": [ 1.875, 7.25, 1.8812500238418579, 9.25 ], "texture": "#texture" },
        "east":  { "uv": [ 2, 7.25, 1.9937499761581421, 9.25 ], "texture": "#texture" }
    }
},
{
    "__comment": "bow_pulling_0 x128",
    "from": [ 2, 7, 7.5 ],
    "to": [ 3.25, 8.75, 8.5 ],
    "faces": {
        "down":  { "uv": [ 8.5, 7.5, 9.75, 7.5 ], "texture": "#texture" },
        "up":    { "uv": [ 1.5, 7.25, 2.75, 7.25 ], "texture": "#texture" },
        "north": { "uv": [ 3.25, 7.25, 2, 9 ], "texture": "#texture" },
        "south": { "uv": [ 2, 7.25, 3.25, 9 ], "texture": "#texture" },
        "west":  { "uv": [ 2, 7.25, 2, 9 ], "texture": "#texture" },
        "east":  { "uv": [ 2.75, 7.25, 2.75, 9 ], "texture": "#texture" }
    }
},
{
    "__comment": "bow_pulling_0 x128",
    "from": [ 2.75, 6.875, 7.5 ],
    "to": [ 4.5, 7, 8.5 ],
    "faces": {
        "down":  { "uv": [ 2.75, 9.125, 4.5, 9.11875 ], "texture": "#texture" },
        "up":    { "uv": [ 2.75, 9, 4.5, 9.0062503814697266 ], "texture": "#texture" },
        "north": { "uv": [ 4.5, 9, 2.75, 9.125 ], "texture": "#texture" },
        "south": { "uv": [ 2.75, 9, 4.5, 9.125 ], "texture": "#texture" },
        "west":  { "uv": [ 2.75, 9, 2.7562499046325684, 9.125 ], "texture": "#texture" },
        "east":  { "uv": [ 4.5, 9, 4.4937500953674316, 9.125 ], "texture": "#texture" }
    }
},
{
    "__comment": "bow_pulling_0 x128",
    "from": [ 2.875, 6.75, 7.5 ],
    "to": [ 4.5, 6.875, 8.5 ],
    "faces": {
        "down":  { "uv": [ 2.875, 9.25, 4.5, 9.24375 ], "texture": "#texture" },
        "up":    { "uv": [ 2.875, 9.125, 4.5, 9.1312503814697266 ], "texture": "#texture" },
        "north": { "uv": [ 4.5, 9.125, 2.875, 9.25 ], "texture": "#texture" },
        "south": { "uv": [ 2.875, 9.125, 4.5, 9.25 ], "texture": "#texture" },
        "west":  { "uv": [ 2.875, 9.125, 2.8812499046325684, 9.25 ], "texture": "#texture" },
        "east":  { "uv": [ 4.5, 9.125, 4.4937500953674316, 9.25 ], "texture": "#texture" }
    }
},
{
    "__comment": "bow_pulling_0 x128",
    "from": [ 3, 6.625, 7.5 ],
    "to": [ 4.5, 6.75, 8.5 ],
    "faces": {
        "down":  { "uv": [ 3, 9.375, 4.5, 9.36875 ], "texture": "#texture" },
        "up":    { "uv": [ 3, 9.25, 4.5, 9.2562503814697266 ], "texture": "#texture" },
        "north": { "uv": [ 4.5, 9.25, 3, 9.375 ], "texture": "#texture" },
        "south": { "uv": [ 3, 9.25, 4.5, 9.375 ], "texture": "#texture" },
        "west":  { "uv": [ 3, 9.25, 3.0062499046325684, 9.375 ], "texture": "#texture" },
        "east":  { "uv": [ 4.5, 9.25, 4.4937500953674316, 9.375 ], "texture": "#texture" }
    }
},
{
    "__comment": "bow_pulling_0 x128",
    "from": [ 3.125, 6.5, 7.5 ],
    "to": [ 4.5, 6.625, 8.5 ],
    "faces": {
        "down":  { "uv": [ 3.125, 9.5, 4.5, 9.5 ], "texture": "#texture" },
        "up":    { "uv": [ 3.125, 9.375, 4.5, 9.375 ], "texture": "#texture" },
        "north": { "uv": [ 4.5, 9.375, 3.125, 9.5 ], "texture": "#texture" },
        "south": { "uv": [ 3.125, 9.375, 4.5, 9.5 ], "texture": "#texture" },
        "west":  { "uv": [ 3.125, 8.875, 3.125, 9 ], "texture": "#texture" },
        "east":  { "uv": [ 4, 9.375, 4, 9.5 ], "texture": "#texture" }
    }
},
{
    "__comment": "bow_pulling_0 x128",
    "from": [ 3.25, 7, 7.5 ],
    "to": [ 4.625, 8.5, 8.5 ],
    "faces": {
        "down":  { "uv": [ 3.25, 9, 4.625, 8.99375 ], "texture": "#texture" },
        "up":    { "uv": [ 3.25, 7.5, 4.625, 7.5062499046325684 ], "texture": "#texture" },
        "north": { "uv": [ 4.625, 7.5, 3.25, 9 ], "texture": "#texture" },
        "south": { "uv": [ 3.25, 7.5, 4.625, 9 ], "texture": "#texture" },
        "west":  { "uv": [ 3.25, 7.5, 3.2562499046325684, 9 ], "texture": "#texture" },
        "east":  { "uv": [ 4.625, 7.5, 4.6187500953674316, 9 ], "texture": "#texture" }
    }
},
{
    "__comment": "bow_pulling_0 x128",
    "from": [ 3.75, 6.375, 7.5 ],
    "to": [ 4.5, 6.5, 8.5 ],
    "faces": {
        "down":  { "uv": [ 3.75, 9.625, 4.5, 9.625 ], "texture": "#texture" },
        "up":    { "uv": [ 3.75, 9.5, 4.5, 9.5 ], "texture": "#texture" },
        "north": { "uv": [ 4.5, 9.5, 3.75, 9.625 ], "texture": "#texture" },
        "south": { "uv": [ 3.75, 9.5, 4.5, 9.625 ], "texture": "#texture" },
        "west":  { "uv": [ 3.75, 9.5, 3.75, 9.625 ], "texture": "#texture" },
        "east":  { "uv": [ 4, 9.5, 4, 9.625 ], "texture": "#texture" }
    }
},
{
    "__comment": "bow_pulling_0 x128",
    "from": [ 4.125, 6.25, 7.5 ],
    "to": [ 4.5, 6.375, 8.5 ],
    "faces": {
        "down":  { "uv": [ 4.125, 9.25, 4.5, 9.25 ], "texture": "#texture" },
        "up":    { "uv": [ 4.125, 9.125, 4.5, 9.125 ], "texture": "#texture" },
        "north": { "uv": [ 4.5, 9.125, 4.125, 9.25 ], "texture": "#texture" },
        "south": { "uv": [ 4.125, 9.125, 4.5, 9.25 ], "texture": "#texture" },
        "west":  { "uv": [ 4.125, 9.125, 4.125, 9.25 ], "texture": "#texture" },
        "east":  { "uv": [ 4, 9.125, 4, 9.25 ], "texture": "#texture" }
    }
},
{
    "__comment": "bow_pulling_0 x128",
    "from": [ 4.25, 9.375, 7.625 ],
    "to": [ 9.25, 10, 8.375 ],
    "faces": {
        "down":  { "uv": [ 4.25, 6.25, 9.25, 6.25 ], "texture": "#texture" },
        "up":    { "uv": [ 4.25, 6.25, 9.25, 6.25 ], "texture": "#texture" },
        "north": { "uv": [ 9.25, 6, 4.25, 6.625 ], "texture": "#texture" },
        "south": { "uv": [ 4.25, 6, 9.25, 6.625 ], "texture": "#texture" },
        "west":  { "uv": [ 4.25, 6, 4.25, 6.625 ], "texture": "#texture" },
        "east":  { "uv": [ 9.25, 6, 9.25, 6.625 ], "texture": "#texture" }
    }
},
{
    "__comment": "bow_pulling_0 x128",
    "from": [ 4.625, 7.375, 7.5 ],
    "to": [ 7.25, 8.5, 8.5 ],
    "faces": {
        "down":  { "uv": [ 4.625, 8.625, 7.25, 8.61875 ], "texture": "#texture" },
        "up":    { "uv": [ 4.625, 7.5, 7.25, 7.5062499046325684 ], "texture": "#texture" },
        "north": { "uv": [ 7.25, 7.5, 4.625, 8.625 ], "texture": "#texture" },
        "south": { "uv": [ 4.625, 7.5, 7.25, 8.625 ], "texture": "#texture" },
        "west":  { "uv": [ 4.625, 7.5, 4.6312499046325684, 8.625 ], "texture": "#texture" },
        "east":  { "uv": [ 7.25, 7.5, 7.2437500953674316, 8.625 ], "texture": "#texture" }
    }
},
{
    "__comment": "bow_pulling_0 x128",
    "from": [ 4.75, 8.5, 7.75 ],
    "to": [ 15.25, 9, 8.25 ],
    "faces": {
        "down":  { "uv": [ 11, 7, 15, 7.5 ], "texture": "#texture" },
        "up":    { "uv": [ 11, 7, 15.5, 7.5 ], "texture": "#texture" },
        "north": { "uv": [ 15.5, 7, 4.75, 7.5 ], "texture": "#texture" },
        "south": { "uv": [ 4.75, 7, 15.5, 7.5 ], "texture": "#texture" },
        "west":  { "uv": [ 4.75, 7, 4.75, 7.5 ], "texture": "#texture" },
        "east":  { "uv": [ 15.5, 7, 15.5, 7.5 ], "texture": "#texture" }
    }
},
{
    "__comment": "bow_pulling_0 x128",
    "from": [ 4.75, 7.25, 7.5 ],
    "to": [ 5.5, 7.375, 8.5 ],
    "faces": {
        "down":  { "uv": [ 4.75, 8.75, 5.5, 8.74375 ], "texture": "#texture" },
        "up":    { "uv": [ 4.75, 8.625, 5.5, 8.6312503814697266 ], "texture": "#texture" },
        "north": { "uv": [ 5.5, 8.625, 4.75, 8.75 ], "texture": "#texture" },
        "south": { "uv": [ 4.75, 8.625, 5.5, 8.75 ], "texture": "#texture" },
        "west":  { "uv": [ 4.75, 8.625, 4.7562499046325684, 8.75 ], "texture": "#texture" },
        "east":  { "uv": [ 5.5, 8.625, 5.4937500953674316, 8.75 ], "texture": "#texture" }
    }
},
{
    "__comment": "bow_pulling_0 x128",
    "from": [ 5, 9, 7.8125 ],
    "to": [ 7.375, 9.125, 8.1875 ],
    "faces": {
        "down":  { "uv": [ 5, 7, 7.625, 6.99375 ], "texture": "#texture" },
        "up":    { "uv": [ 5, 6.875, 7.625, 6.8812499046325684 ], "texture": "#texture" },
        "north": { "uv": [ 7.625, 6.875, 5, 7 ], "texture": "#texture" },
        "south": { "uv": [ 5, 6.875, 7.625, 7 ], "texture": "#texture" },
        "west":  { "uv": [ 5, 6.875, 5.0062499046325684, 7 ], "texture": "#texture" },
        "east":  { "uv": [ 7.625, 6.875, 7.6187500953674316, 7 ], "texture": "#texture" }
    }
},
{
    "__comment": "bow_pulling_0 x128",
    "from": [ 5.625, 7, 7.5 ],
    "to": [ 7, 7.375, 8.5 ],
    "faces": {
        "down":  { "uv": [ 5.625, 8.5, 7, 8.5 ], "texture": "#texture" },
        "up":    { "uv": [ 5.625, 8.625, 7, 8.625 ], "texture": "#texture" },
        "north": { "uv": [ 7, 8.625, 5.625, 9 ], "texture": "#texture" },
        "south": { "uv": [ 5.625, 8.625, 7, 9 ], "texture": "#texture" },
        "west":  { "uv": [ 6.125, 8.625, 6.125, 9 ], "texture": "#texture" },
        "east":  { "uv": [ 6.5, 8.625, 6.5, 9 ], "texture": "#texture" }
    }
},
{
    "__comment": "bow_pulling_0 x128",
    "from": [ 5.75, 6.875, 7.5 ],
    "to": [ 6, 7, 8.5 ],
    "faces": {
        "down":  { "uv": [ 5.75, 9.125, 6, 9.11875 ], "texture": "#texture" },
        "up":    { "uv": [ 5.75, 9, 6, 9.0062503814697266 ], "texture": "#texture" },
        "north": { "uv": [ 6, 9, 5.75, 9.125 ], "texture": "#texture" },
        "south": { "uv": [ 5.75, 9, 6, 9.125 ], "texture": "#texture" },
        "west":  { "uv": [ 5.75, 9, 5.7562499046325684, 9.125 ], "texture": "#texture" },
        "east":  { "uv": [ 6, 9, 5.9937500953674316, 9.125 ], "texture": "#texture" }
    }
},
{
    "__comment": "bow_pulling_0 x128",
    "from": [ 6, 10, 7.75 ],
    "to": [ 6.5, 10.125, 8.25 ],
    "faces": {
        "down":  { "uv": [ 7.6875, 6.3125, 8.1875, 6.3125 ], "texture": "#texture" },
        "up":    { "uv": [ 7.75, 6.1875, 8.25, 6.1875 ], "texture": "#texture" },
        "north": { "uv": [ 6.5, 6.1875, 6, 6.3125 ], "texture": "#texture" },
        "south": { "uv": [ 4.75, 6.1875, 5.25, 6.3125 ], "texture": "#texture" },
        "west":  { "uv": [ 6.3125, 5.875, 6.3125, 6 ], "texture": "#texture" },
        "east":  { "uv": [ 7.25, 6.1875, 7.25, 6.3125 ], "texture": "#texture" }
    }
},
{
    "__comment": "bow_pulling_0 x128",
    "from": [ 7, 7.125, 7.5 ],
    "to": [ 7.25, 7.375, 8.5 ],
    "faces": {
        "down":  { "uv": [ 7, 8.875, 7.25, 8.86875 ], "texture": "#texture" },
        "up":    { "uv": [ 7, 8.625, 7.25, 8.6312503814697266 ], "texture": "#texture" },
        "north": { "uv": [ 7.25, 8.625, 7, 8.875 ], "texture": "#texture" },
        "south": { "uv": [ 7, 8.625, 7.25, 8.875 ], "texture": "#texture" },
        "west":  { "uv": [ 7, 8.625, 7.0062499046325684, 8.875 ], "texture": "#texture" },
        "east":  { "uv": [ 7.25, 8.625, 7.2437500953674316, 8.875 ], "texture": "#texture" }
    }
},
{
    "__comment": "bow_pulling_0 x128",
    "from": [ 7.25, 7.75, 7.5 ],
    "to": [ 7.75, 8.5, 8.5 ],
    "faces": {
        "down":  { "uv": [ 7.25, 7.75, 7.75, 7.75 ], "texture": "#texture" },
        "up":    { "uv": [ 7.25, 7.5, 7.75, 7.5 ], "texture": "#texture" },
        "north": { "uv": [ 7.75, 7.5, 7.25, 8.25 ], "texture": "#texture" },
        "south": { "uv": [ 7.25, 7.5, 7.75, 8.25 ], "texture": "#texture" },
        "west":  { "uv": [ 7.25, 7.5, 7.25, 8.25 ], "texture": "#texture" },
        "east":  { "uv": [ 7.75, 7, 7.75, 7.75 ], "texture": "#texture" }
    }
},
{
    "__comment": "bow_pulling_0 x128",
    "from": [ 7.75, 7.875, 7.5 ],
    "to": [ 7.875, 8.5, 8.5 ],
    "faces": {
        "down":  { "uv": [ 7.75, 8.125, 7.875, 8.11875 ], "texture": "#texture" },
        "up":    { "uv": [ 7.75, 7.5, 7.875, 7.5062499046325684 ], "texture": "#texture" },
        "north": { "uv": [ 7.875, 7.5, 7.75, 8.125 ], "texture": "#texture" },
        "south": { "uv": [ 7.75, 7.5, 7.875, 8.125 ], "texture": "#texture" },
        "west":  { "uv": [ 7.75, 7.5, 7.7562499046325684, 8.125 ], "texture": "#texture" },
        "east":  { "uv": [ 7.875, 7.5, 7.8687500953674316, 8.125 ], "texture": "#texture" }
    }
},
{
    "__comment": "bow_pulling_0 x128",
    "from": [ 7.875, 9.25, 7.75 ],
    "to": [ 9.25, 9.375, 8.25 ],
    "faces": {
        "down":  { "uv": [ 7.875, 6.75, 9.25, 6.74375 ], "texture": "#texture" },
        "up":    { "uv": [ 7.875, 6.625, 9.25, 6.6312499046325684 ], "texture": "#texture" },
        "north": { "uv": [ 9.25, 6.625, 7.875, 6.75 ], "texture": "#texture" },
        "south": { "uv": [ 7.875, 6.625, 9.25, 6.75 ], "texture": "#texture" },
        "west":  { "uv": [ 7.875, 6.625, 7.8812499046325684, 6.75 ], "texture": "#texture" },
        "east":  { "uv": [ 9.25, 6.625, 9.2437496185302734, 6.75 ], "texture": "#texture" }
    }
},
{
    "__comment": "bow_pulling_0 x128",
    "from": [ 7.875, 8, 7.5 ],
    "to": [ 10.625, 8.5, 8.5 ],
    "faces": {
        "down":  { "uv": [ 7.875, 8, 10.625, 7.99375 ], "texture": "#texture" },
        "up":    { "uv": [ 7.875, 7.5, 10.625, 7.5062499046325684 ], "texture": "#texture" },
        "north": { "uv": [ 10.625, 7.5, 7.875, 8 ], "texture": "#texture" },
        "south": { "uv": [ 7.875, 7.5, 10.625, 8 ], "texture": "#texture" },
        "west":  { "uv": [ 7.875, 7.5, 7.8812499046325684, 8 ], "texture": "#texture" },
        "east":  { "uv": [ 10.625, 7.5, 10.618800163269043, 8 ], "texture": "#texture" }
    }
},
{
    "__comment": "bow_pulling_0 x128",
    "from": [ 8, 10, 7.6875 ],
    "to": [ 9.1875, 10.125, 8.3125 ],
    "faces": {
        "down":  { "uv": [ 7.5, 6, 8.625, 6.5 ], "texture": "#texture" },
        "up":    { "uv": [ 7.5, 6, 8.625, 6.5 ], "texture": "#texture" },
        "north": { "uv": [ 8.5, 6, 8, 6.5 ], "texture": "#texture" },
        "south": { "uv": [ 7.5, 6, 8.5, 6.5 ], "texture": "#texture" },
        "west":  { "uv": [ 8, 6, 8.5, 6.5 ], "texture": "#texture" },
        "east":  { "uv": [ 8, 6, 8.5, 6.5 ], "texture": "#texture" }
    }
},
{
    "__comment": "bow_pulling_0 x128",
    "from": [ 10.625, 8.125, 7.8125 ],
    "to": [ 12.1875, 8.5, 8.1875 ],
    "faces": {
        "down":  { "uv": [ 10.625, 7.875, 12.25, 7.86875 ], "texture": "#texture" },
        "up":    { "uv": [ 10.625, 7.5, 12.25, 7.5062499046325684 ], "texture": "#texture" },
        "north": { "uv": [ 12.25, 7.5, 10.625, 7.875 ], "texture": "#texture" },
        "south": { "uv": [ 10.625, 7.5, 12.25, 7.875 ], "texture": "#texture" },
        "west":  { "uv": [ 10.625, 7.5, 10.63129997253418, 7.875 ], "texture": "#texture" },
        "east":  { "uv": [ 12.25, 7.5, 12.243800163269043, 7.875 ], "texture": "#texture" }
    }
},
{
    "__comment": "bow_pulling_0 x128",
    "from": [ 12.1875, 8.1875, 7.75 ],
    "to": [ 12.6875, 8.5, 8.25 ],
    "faces": {
        "down":  { "uv": [ 12.25, 7.75, 12.75, 7.74375 ], "texture": "#texture" },
        "up":    { "uv": [ 12.25, 7.625, 12.75, 7.6312499046325684 ], "texture": "#texture" },
        "north": { "uv": [ 12.75, 7.625, 12.25, 7.75 ], "texture": "#texture" },
        "south": { "uv": [ 12.25, 7.625, 12.75, 7.75 ], "texture": "#texture" },
        "west":  { "uv": [ 12.25, 7.625, 12.25629997253418, 7.75 ], "texture": "#texture" },
        "east":  { "uv": [ 12.75, 7.625, 12.743800163269043, 7.75 ], "texture": "#texture" }
    }
},
{
    "from": [ 6.8125, 8.9375, 7.875 ],
    "to": [ 7.0625, 9.5, 8.1875 ],
    "faces": {
        "down":  { "uv": [ 13.5, 7.5, 13, 7 ], "texture": "#texture" },
        "up":    { "uv": [ 12.5, 7, 13, 7.5 ], "texture": "#texture" },
        "north": { "uv": [ 13.5, 7, 14, 7.5 ], "texture": "#texture" },
        "south": { "uv": [ 12, 7, 12.5, 7.5 ], "texture": "#texture" },
        "west":  { "uv": [ 11.5, 7, 12, 7.5 ], "texture": "#texture" },
        "east":  { "uv": [ 12, 7, 12.5, 7.5 ], "texture": "#texture" }
    }
},
{
    "from": [ 5.4375, 8.9375, 7.875 ],
    "to": [ 5.6875, 9.5, 8.1875 ],
    "faces": {
        "down":  { "uv": [ 13.5, 7.5, 13, 7 ], "texture": "#texture" },
        "up":    { "uv": [ 12.5, 7, 13, 7.5 ], "texture": "#texture" },
        "north": { "uv": [ 13.5, 7, 14, 7.5 ], "texture": "#texture" },
        "south": { "uv": [ 12, 7, 12.5, 7.5 ], "texture": "#texture" },
        "west":  { "uv": [ 11.5, 7, 12, 7.5 ], "texture": "#texture" },
        "east":  { "uv": [ 12, 7, 12.5, 7.5 ], "texture": "#texture" }
    }
},
{
    "from": [ 4.1875, 9.4375, 7.6875 ],
    "to": [ 4.5, 9.9375, 8.3125 ],
    "faces": {
        "down":  { "uv": [ 6, 8, 6.5, 8 ], "texture": "#texture" },
        "up":    { "uv": [ 6, 7.5, 6, 7.5 ], "texture": "#texture" },
        "north": { "uv": [ 6, 8, 6.5, 8 ], "texture": "#texture" },
        "south": { "uv": [ 6, 8, 6, 8 ], "texture": "#texture" },
        "west":  { "uv": [ 6, 8, 6.5, 8 ], "texture": "#texture" },
        "east":  { "uv": [ 6, 8, 6.5, 8 ], "texture": "#texture" }
    }
},
{
    "from": [ 4.25, 6.875, 7.5625 ],
    "to": [ 4.625, 8.125, 8.375 ],
    "faces": {
        "down":  { "uv": [ 9.5, 7.5, 10, 7.5 ], "texture": "#texture" },
        "up":    { "uv": [ 9.5, 7.5, 10, 7.5 ], "texture": "#texture" },
        "north": { "uv": [ 9.5, 7.5, 10, 7.5 ], "texture": "#texture" },
        "south": { "uv": [ 9, 7.5, 9.5, 7.5 ], "texture": "#texture" },
        "west":  { "uv": [ 8.5, 7.5, 9.5, 7.5 ], "texture": "#texture" },
        "east":  { "uv": [ 9, 7.5, 10, 7.5 ], "texture": "#texture" }
    }
},
{
    "from": [ 2.4375, 6.125, 7.5625 ],
    "to": [ 2.9375, 7.125, 8.375 ],
    "rotation": { "origin": [ 2.4375, 7.125, 7.5625 ], "axis": "z", "angle": 45 },
    "faces": {
        "down":  { "uv": [ 9.5, 7.5, 10, 7.5 ], "texture": "#texture" },
        "up":    { "uv": [ 9.5, 7.5, 10, 7.5 ], "texture": "#texture" },
        "north": { "uv": [ 9.5, 7.5, 10, 7.5 ], "texture": "#texture" },
        "south": { "uv": [ 9, 7.5, 9.5, 7.5 ], "texture": "#texture" },
        "west":  { "uv": [ 8.5, 7.5, 9.5, 7.5 ], "texture": "#texture" },
        "east":  { "uv": [ 9, 7.5, 10, 7.5 ], "texture": "#texture" }
    }
},
{
    "from": [ 5.4375, 7.375, 7.6875 ],
    "to": [ 5.75, 8, 8.4375 ],
    "faces": {
        "down":  { "uv": [ 10.5, 7.5, 10.5, 7.5 ], "texture": "#texture" },
        "up":    { "uv": [ 8, 7.5, 10, 7.5 ], "texture": "#texture" },
        "north": { "uv": [ 8, 7.5, 9, 7.5 ], "texture": "#texture" },
        "south": { "uv": [ 8.5, 7.5, 9.5, 7.5 ], "texture": "#texture" },
        "west":  { "uv": [ 8.5, 7.5, 9.5, 7.5 ], "texture": "#texture" },
        "east":  { "uv": [ 8, 7.5, 9, 7.5 ], "texture": "#texture" }
    }
},
{
    "from": [ 4.5, 7.3125, 7.5625 ],
    "to": [ 5.5, 7.875, 7.75 ],
    "faces": {
        "down":  { "uv": [ 14, 7, 13, 7 ], "texture": "#texture" },
        "up":    { "uv": [ 13, 7, 14, 7 ], "texture": "#texture" },
        "north": { "uv": [ 13, 7, 14, 7 ], "texture": "#texture" },
        "south": { "uv": [ 13, 7, 14, 7 ], "texture": "#texture" },
        "west":  { "uv": [ 13, 7, 14, 7 ], "texture": "#texture" },
        "east":  { "uv": [ 12, 7, 13, 7 ], "texture": "#texture" }
    }
},
{
    "from": [ 3.1875, 7, 8 ],
    "to": [ 4.1875, 8, 8.3125 ],
    "faces": {
        "down":  { "uv": [ 14, 7, 13, 7 ], "texture": "#texture" },
        "up":    { "uv": [ 13, 7, 14, 7 ], "texture": "#texture" },
        "north": { "uv": [ 13, 7, 14, 7 ], "texture": "#texture" },
        "south": { "uv": [ 13, 7, 14, 7 ], "texture": "#texture" },
        "west":  { "uv": [ 13, 7, 14, 7 ], "texture": "#texture" },
        "east":  { "uv": [ 12, 7, 13, 7 ], "texture": "#texture" }
    }
},
{
    "from": [ 3.4375, 6.5625, 7.625 ],
    "to": [ 4.4375, 7.5625, 8.375 ],
    "faces": {
        "down":  { "uv": [ 10.5, 7, 11, 7 ], "texture": "#texture" },
        "up":    { "uv": [ 1.5, 7, 2.5, 7 ], "texture": "#texture" },
        "north": { "uv": [ 13.5, 7, 14.5, 7 ], "texture": "#texture" },
        "south": { "uv": [ 4.5, 6, 5, 6 ], "texture": "#texture" },
        "west":  { "uv": [ 12, 7, 12.5, 7 ], "texture": "#texture" },
        "east":  { "uv": [ 10.5, 7, 11.5, 7 ], "texture": "#texture" }
    }
},
{
    "from": [ 4.0625, 6.1875, 7.5625 ],
    "to": [ 4.5625, 7.1875, 8.3125 ],
    "faces": {
        "down":  { "uv": [ 10.5, 7, 11, 7 ], "texture": "#texture" },
        "up":    { "uv": [ 1.5, 7, 2.5, 7 ], "texture": "#texture" },
        "north": { "uv": [ 13.5, 7, 14.5, 7 ], "texture": "#texture" },
        "south": { "uv": [ 4.5, 6, 5, 6 ], "texture": "#texture" },
        "west":  { "uv": [ 12, 7, 12.5, 7 ], "texture": "#texture" },
        "east":  { "uv": [ 10.5, 7, 11.5, 7 ], "texture": "#texture" }
    }
},
{
    "from": [ 5.375, 8.5, 8.1875 ],
    "to": [ 5.6875, 8.75, 8.9375 ],
    "faces": {
        "down":  { "uv": [ 13.5, 7, 14.5, 7 ], "texture": "#texture" },
        "up":    { "uv": [ 11.5, 7, 12.5, 7 ], "texture": "#texture" },
        "north": { "uv": [ 12, 7, 12.5, 7 ], "texture": "#texture" },
        "south": { "uv": [ 4.5, 6, 5, 6 ], "texture": "#texture" },
        "west":  { "uv": [ 12, 7, 12.5, 7 ], "texture": "#texture" },
        "east":  { "uv": [ 2, 7, 2.5, 7 ], "texture": "#texture" }
    }
},
{
    "from": [ 1.6875, 6.875, 7.625 ],
    "to": [ 3, 7.875, 8.375 ],
    "faces": {
        "down":  { "uv": [ 13.5, 7, 14.5, 7 ], "texture": "#texture" },
        "up":    { "uv": [ 1.5, 7, 2.5, 7 ], "texture": "#texture" },
        "north": { "uv": [ 13.5, 7, 14.5, 7 ], "texture": "#texture" },
        "south": { "uv": [ 4.5, 6, 5, 6 ], "texture": "#texture" },
        "west":  { "uv": [ 12, 7, 12.5, 7 ], "texture": "#texture" },
        "east":  { "uv": [ 10.5, 7, 11.5, 7 ], "texture": "#texture" }
    }
},
{
    "from": [ 5.375, 8.4375, 8.875 ],
    "to": [ 5.6875, 8.8125, 9.25 ],
    "faces": {
        "down":  { "uv": [ 13.5, 7, 14.5, 7 ], "texture": "#texture" },
        "up":    { "uv": [ 11.5, 7, 12.5, 7 ], "texture": "#texture" },
        "north": { "uv": [ 12, 7, 12.5, 7 ], "texture": "#texture" },
        "south": { "uv": [ 4.5, 6, 5, 6 ], "texture": "#texture" },
        "west":  { "uv": [ 12, 7, 12.5, 7 ], "texture": "#texture" },
        "east":  { "uv": [ 2, 7, 2.5, 7 ], "texture": "#texture" }
    }
}
],
"display": {
    "thirdperson": {
        "rotation": [ 180, 9, 7 ],
        "translation": [ 5.6, 0, -2.1 ],
        "scale": [ 2, 1.5, 2 ]
    },
    "head": {
        "rotation": [ 0, 92, 0 ],
        "translation": [ 0.7, -0.6, -6.7 ],
        "scale": [ 1, 1, 1 ]
    },
    "ground": {
        "rotation": [ 0, 0, 26 ],
        "translation": [ 0, -5.6, 0 ],
        "scale": [ 3, 2, 2 ]
    },
    "fixed": {
        "rotation": [ 180, 0, -142 ],
        "translation": [ -0.8, 0.5, 0 ],
        "scale": [ 3, 2, 2 ]
    },
    "firstperson": {
        "rotation": [ 0, 26, 0 ],
        "translation": [ -1.7, 6.3, -0.8 ],
        "scale": [ 4, 3, 2 ]
    },
    "gui": {
        "rotation": [ -21, 167, 20 ],
        "translation": [ -0.2, 0.7, 0 ],
        "scale": [ 2.5, 2, 1.5 ]
    }
}
}