{
"__comment": "Designed by Jaba with BDcraft Cubik PRO 0.95 Beta - http://bdcraft.net",
"textures": {
    "texture": "items/bow_pulling_1"
},
"elements": [ 
{
    "from": [ 0, -16, 0 ],
    "to": [ 0.0625, 0, 16 ],
    "faces": {
        "down":  { "uv": [ 9, 10.5, 12.5, 9 ], "texture": "#texture" },
        "up":    { "uv": [ 11.5, 4.5, 9.5, 6 ], "texture": "#texture" },
        "north": { "uv": [ 10, 5.5, 11, 7 ], "texture": "#texture" },
        "south": { "uv": [ 6.5, 4, 7, 7 ], "texture": "#texture" },
        "west":  { "uv": [ 0, 0, 4, 3.5 ], "texture": "#texture" },
        "east":  { "uv": [ 5.5, 5.5, 6.5, 6 ], "texture": "#texture" }
    }
},
{
    "from": [ 0, 0, 0 ],
    "to": [ 0.0625, 16, 16 ],
    "faces": {
        "down":  { "uv": [ 9, 10.5, 12.5, 9 ], "texture": "#texture" },
        "up":    { "uv": [ 11.5, 4.5, 9.5, 6 ], "texture": "#texture" },
        "north": { "uv": [ 10, 5.5, 11, 7 ], "texture": "#texture" },
        "south": { "uv": [ 6.5, 4, 7, 7 ], "texture": "#texture" },
        "west":  { "uv": [ 0, 0, 16, 16 ], "texture": "#texture" },
        "east":  { "uv": [ 5.5, 5.5, 6.5, 6 ], "texture": "#texture" }
    }
},
{
    "from": [ 0, 0, 16 ],
    "to": [ 0.0625, 16, 32 ],
    "faces": {
        "down":  { "uv": [ 9, 10.5, 12.5, 9 ], "texture": "#texture" },
        "up":    { "uv": [ 11.5, 4.5, 9.5, 6 ], "texture": "#texture" },
        "north": { "uv": [ 10, 5.5, 11, 7 ], "texture": "#texture" },
        "south": { "uv": [ 6.5, 4, 7, 7 ], "texture": "#texture" },
        "west":  { "uv": [ 0, 0, 4, 3.5 ], "texture": "#texture" },
        "east":  { "uv": [ 5.5, 5.5, 6.5, 6 ], "texture": "#texture" }
    }
},
{
    "from": [ 0, 16, 0 ],
    "to": [ 0.0625, 32, 16 ],
    "faces": {
        "down":  { "uv": [ 9, 10.5, 12.5, 9 ], "texture": "#texture" },
        "up":    { "uv": [ 11.5, 4.5, 9.5, 6 ], "texture": "#texture" },
        "north": { "uv": [ 10, 5.5, 11, 7 ], "texture": "#texture" },
        "south": { "uv": [ 6.5, 4, 7, 7 ], "texture": "#texture" },
        "west":  { "uv": [ 0, 0, 4, 3.5 ], "texture": "#texture" },
        "east":  { "uv": [ 5.5, 5.5, 6.5, 6 ], "texture": "#texture" }
    }
},
{
    "from": [ 0, -16, -16 ],
    "to": [ 0.0625, 0, 0 ],
    "faces": {
        "down":  { "uv": [ 9, 10.5, 12.5, 9 ], "texture": "#texture" },
        "up":    { "uv": [ 11.5, 4.5, 9.5, 6 ], "texture": "#texture" },
        "north": { "uv": [ 10, 5.5, 11, 7 ], "texture": "#texture" },
        "south": { "uv": [ 6.5, 4, 7, 7 ], "texture": "#texture" },
        "west":  { "uv": [ 0, 0, 4, 3.5 ], "texture": "#texture" },
        "east":  { "uv": [ 5.5, 5.5, 6.5, 6 ], "texture": "#texture" }
    }
},
{
    "from": [ 0, -16, 16 ],
    "to": [ 0.0625, 0, 32 ],
    "faces": {
        "down":  { "uv": [ 9, 10.5, 12.5, 9 ], "texture": "#texture" },
        "up":    { "uv": [ 11.5, 4.5, 9.5, 6 ], "texture": "#texture" },
        "north": { "uv": [ 10, 5.5, 11, 7 ], "texture": "#texture" },
        "south": { "uv": [ 6.5, 4, 7, 7 ], "texture": "#texture" },
        "west":  { "uv": [ 0, 0, 4, 3.5 ], "texture": "#texture" },
        "east":  { "uv": [ 5.5, 5.5, 6.5, 6 ], "texture": "#texture" }
    }
},
{
    "from": [ 0, 16, 16 ],
    "to": [ 0.0625, 32, 32 ],
    "faces": {
        "down":  { "uv": [ 9, 10.5, 12.5, 9 ], "texture": "#texture" },
        "up":    { "uv": [ 11.5, 4.5, 9.5, 6 ], "texture": "#texture" },
        "north": { "uv": [ 10, 5.5, 11, 7 ], "texture": "#texture" },
        "south": { "uv": [ 6.5, 4, 7, 7 ], "texture": "#texture" },
        "west":  { "uv": [ 0, 0, 4, 3.5 ], "texture": "#texture" },
        "east":  { "uv": [ 5.5, 5.5, 6.5, 6 ], "texture": "#texture" }
    }
},
{
    "from": [ 0, 16, -16 ],
    "to": [ 0.0625, 32, 0 ],
    "faces": {
        "down":  { "uv": [ 9, 10.5, 12.5, 9 ], "texture": "#texture" },
        "up":    { "uv": [ 11.5, 4.5, 9.5, 6 ], "texture": "#texture" },
        "north": { "uv": [ 10, 5.5, 11, 7 ], "texture": "#texture" },
        "south": { "uv": [ 6.5, 4, 7, 7 ], "texture": "#texture" },
        "west":  { "uv": [ 0, 0, 4, 3.5 ], "texture": "#texture" },
        "east":  { "uv": [ 5.5, 5.5, 6.5, 6 ], "texture": "#texture" }
    }
},
{
    "from": [ 0, 0, -16 ],
    "to": [ 0.0625, 16, 0 ],
    "faces": {
        "down":  { "uv": [ 9, 10.5, 12.5, 9 ], "texture": "#texture" },
        "up":    { "uv": [ 11.5, 4.5, 9.5, 6 ], "texture": "#texture" },
        "north": { "uv": [ 10, 5.5, 11, 7 ], "texture": "#texture" },
        "south": { "uv": [ 6.5, 4, 7, 7 ], "texture": "#texture" },
        "west":  { "uv": [ 0, 0, 4, 3.5 ], "texture": "#texture" },
        "east":  { "uv": [ 5.5, 5.5, 6.5, 6 ], "texture": "#texture" }
    }
}
],
"display": {
"thirdperson": {
        "rotation": [ 0, 90, 88 ],
        "translation": [ 3.3, -15, -3.3 ],
        "scale": [ 0.4, 0.4, 0.4 ]
    },
    "firstperson": {
        "rotation": [ -8, 55, 22 ],
        "translation": [ -1, 9.7, -11.5 ],
        "scale": [ 2.5, 2.5, 2.4 ]
    }
}
}